"","POS","REF","ALT"
"1",26585,"C","G"
"2",26589,"G","C"
"3",26593,"T","G"
"4",26594,"A","G"
"5",26596,"G","C"
"6",26602,"T","G"
"7",26603,"A","T"
"8",26609,"T","G"
"9",26612,"A","C"
"10",26613,"T","G"
"11",26614,"G","C"
"12",26614,"G","T"
"13",26617,"T","G"
"14",26623,"T","G"
"15",26631,"T","G"
"16",26636,"C","G"
"17",26636,"C","A"
"18",26647,"G","T"
"19",26649,"A","T"
"20",26650,"A","C"
"21",26651,"T","G"
"22",26653,"G","T"
"23",26655,"T","G"
"24",26656,"T","G"
"25",26657,"T","G"
"26",26660,"G","T"
"27",26662,"A","G"
"28",26663,"T","G"
"29",26670,"A","C"
"30",26673,"T","A"
"31",26676,"A","G"
"32",26679,"T","G"
"33",26682,"C","A"
"34",26685,"T","G"
"35",26692,"T","G"
"36",26693,"A","C"
"37",26694,"T","G"
"38",26712,"T","G"
"39",26722,"T","G"
"40",26724,"G","T"
"41",26731,"T","G"
"42",26732,"T","G"
"43",26739,"A","C"
"44",26741,"A","C"
"45",26744,"T","G"
"46",26753,"C","A"
"47",26760,"A","C"
"48",26761,"T","G"
"49",26766,"A","C"
"50",26767,"T","C"
"51",26769,"G","T"
"52",26772,"A","C"
"53",26774,"GGCTTGTCTTGTAGGCTTGATGTGGCTCAGCTACTTCATTGCTTCTT","G"
"54",26774,"GGCTTGTCTTGTAGGCTTGATGTGGCTCAGCTACTTCATTGCTTCTT","GGCTTCTT"
"55",26776,"C","A"
"56",26779,"G","T"
"57",26780,"T","G"
"58",26782,"T","G"
"59",26783,"T","C"
"60",26787,"G","C"
"61",26794,"T","G"
"62",26803,"G","T"
"63",26815,"C","T"
"64",26817,"T","G"
"65",26820,"T","A"
"66",26822,"C","G"
"67",26823,"A","G"
"68",26824,"G","C"
"69",26826,"C","G"
"70",26828,"G","T"
"71",26832,"G","T"
"72",26834,"G","T"
"73",26839,"C","T"
"74",26842,"G","A"
"75",26843,"T","C"
"76",26846,"C","A"
"77",26850,"T","G"
"78",26851,"G","C"
"79",26852,"G","A"
"80",26853,"T","C"
"81",26854,"C","T"
"82",26859,"A","C"
"83",26859,"A","T"
"84",26860,"A","C"
"85",26860,"A","G"
"86",26861,"T","C"
"87",26861,"T","A"
"88",26871,"A","C"
"89",26873,"C","G"
"90",26879,"T","G"
"91",26884,"A","G"
"92",26885,"C","G"
"93",26888,"G","T"
"94",26894,"C","G"
"95",26897,"T","A"
"96",26898,"G","T"
"97",26900,"C","T"
"98",26900,"C","A"
"99",26903,"T","G"
"100",26911,"C","A"
"101",26916,"C","T"
"102",26918,"G","A"
"103",26918,"G","C"
"104",26936,"C","G"
"105",26936,"C","A"
"106",26939,"A","G"
"107",26939,"A","T"
"108",26943,"G","T"
"109",26944,"G","T"
"110",26949,"G","T"
"111",26962,"G","A"
"112",26968,"T","G"
"113",26970,"C","A"
"114",26972,"T","C"
"115",26976,"G","A"
"116",26978,"T","G"
"117",26982,"C","T"
"118",26985,"C","G"
"119",26992,"G","T"
"120",26994,"C","A"
"121",27001,"A","C"
"122",27006,"A","G"
"123",27015,"C","A"
"124",27016,"C","G"
"125",27023,"A","C"
"126",27025,"T","C"
"127",27030,"G","C"
"128",27031,"T","C"
"129",27032,"T","A"
